﻿<?xml version="1.0" encoding="utf-8"?>
<deployment>
  <id>7ae5cb3e-bced-4fd2-8b75-d1f2f08cd7ee</id>
  <author>N/A</author>
  <deployer>Push-Deployer</deployer>
  <authorEmail>N/A</authorEmail>
  <message>N/A</message>
  <progress></progress>
  <status>Success</status>
  <statusText></statusText>
  <lastSuccessEndTime>2025-11-26T15:00:59.9270413Z</lastSuccessEndTime>
  <receivedTime>2025-11-26T15:00:53.7564571Z</receivedTime>
  <startTime>2025-11-26T15:00:55.2082316Z</startTime>
  <endTime>2025-11-26T15:00:59.9270413Z</endTime>
  <complete>True</complete>
  <is_temp>False</is_temp>
  <is_readonly>True</is_readonly>
  <buildSummary />
</deployment>