<step title="Incoming Request" date="2025-11-26T14:16:44.537" instance="df256f" url="/api/publish?type=zip" method="POST" type="request" pid="833,1,5" Accept="*/*" Host="fkbounce-smtp.scm.azurewebsites.net" User-Agent="AZURECLI/2.80.0 (HOMEBREW)" Accept-Encoding="gzip, deflate" Authorization="Bea..." Cache-Control="no-cache" Content-Type="application/octet-stream" Cookie="ARRAffinity=df256fff2bc97cf1136c4fe3e43a00b6a331e70682a375c98ebe7486ac606671; ARRAffinitySameSite=df256fff2bc97cf1136c4fe3e43a00b6a331e70682a375c98ebe7486ac606671" Content-Length="16288" x-ms-client-request-id="7d75b234-cad2-11f0-85f9-66bbaf33cbdc" x-ms-artifact-checksum="d72d49a76a63f18ba7ee46d8324466d8b3fc0e86e01c31aa7d1ff6db12c0f4a8" X-ARR-LOG-ID="7d75b234-cad2-11f0-85f9-66bbaf33cbdc" CLIENT-IP="49.204.100.52:50309" X-SITE-DEPLOYMENT-ID="fkbounce-smtp" WAS-DEFAULT-HOSTNAME="fkbounce-smtp.scm.azurewebsites.net" X-Forwarded-Proto="https" X-AppService-Proto="https" X-Forwarded-TlsVersion="1.3" X-WAWS-Unencoded-URL="/api/publish?type=zip" X-Client-IP="49.204.100.52" X-Client-Port="50309" >
  <step title="Cleanup Xml Logs" date="2025-11-26T14:16:44.545" /><!-- duration: 11ms -->
  <step title="OneDeploy" date="2025-11-26T14:16:44.704" >
    <step title="None repository commit" date="2025-11-26T14:16:44.720" >
      <step title="Commit id: c06b1103-270d-4ac2-b063-f3658881f8c3" date="2025-11-26T14:16:44.726" Message="N/A" AuthorName="N/A" AuthorEmail="N/A" /><!-- duration: 6ms -->
    </step><!-- duration: 19ms -->
    <step title="Starting PushDeployAsync" date="2025-11-26T14:16:44.746" /><!-- duration: 6ms -->
    <step title="Writing artifact to /tmp/zipdeploy/9d40f735-3611-4089-bea8-6220a5a99c9e.zip" date="2025-11-26T14:16:44.814" >
      <step title="Writing multipart request body to /tmp/zipdeploy/9d40f735-3611-4089-bea8-6220a5a99c9e.zip" date="2025-11-26T14:16:44.822" /><!-- duration: 6ms -->
    </step><!-- duration: 58ms -->
    <step title="Attempting to fetch target branch HEAD" date="2025-11-26T14:16:44.888" /><!-- duration: 8ms -->
    <step title="Acquiring Deployment Lock" date="2025-11-26T14:16:44.914" /><!-- duration: 12ms -->
    <step title="Acquired Deployment Lock" date="2025-11-26T14:16:44.995" /><!-- duration: 7ms -->
    <step title="Performing fetch based deployment" date="2025-11-26T14:16:45.015" >
      <step title="Creating temporary deployment" date="2025-11-26T14:16:45.022" /><!-- duration: 67ms -->
      <step title="Releasing Deployment Lock" date="2025-11-26T14:16:46.299" /><!-- duration: 10ms -->
      <step title="Cleaning up temp folders from previous zip deployments and extracting pushed zip file /tmp/zipdeploy/9d40f735-3611-4089-bea8-6220a5a99c9e.zip (0.02 MB) to /tmp/zipdeploy/extracted" date="2025-11-26T14:16:46.384" >
        <step title="ChmodRecursive Process exited with total time taken in ms: 59" date="2025-11-26T14:16:46.483" /><!-- duration: 7ms -->
      </step><!-- duration: 119ms -->
      <step title="None repository commit" date="2025-11-26T14:16:46.531" >
        <step title="Commit id: c06b1103-270d-4ac2-b063-f3658881f8c3" date="2025-11-26T14:16:46.537" Message="OneDeploy" AuthorName="N/A" AuthorEmail="N/A" /><!-- duration: 6ms -->
      </step><!-- duration: 18ms -->
      <step title="Deployment timer started" date="2025-11-26T14:16:48.569" >
        <step title="DeploymentManager.Deploy(id:c06b1103-270d-4ac2-b063-f3658881f8c3)" date="2025-11-26T14:16:48.579" >
          <step title="Collecting changeset information" date="2025-11-26T14:16:48.824" /><!-- duration: 478ms -->
          <step title="Updating submodules" date="2025-11-26T14:16:49.312" /><!-- duration: 1295ms -->
          <step title="Determining deployment builder" date="2025-11-26T14:16:50.874" >
            <step title="Builder is OneDeployBuilder" date="2025-11-26T14:16:50.893" /><!-- duration: 5ms -->
          </step><!-- duration: 31ms -->
          <step title="PreDeployment: context.CleanOutputPath False" date="2025-11-26T14:16:50.970" >
            <step title="PreDeployment: context.OutputPath /home/site/wwwroot" date="2025-11-26T14:16:51.141" >
              <step title="Building" date="2025-11-26T14:16:51.316" >
                <step title="Executing external process" date="2025-11-26T14:16:51.931" type="process" path="starter.sh" arguments="/opt/Kudu/Scripts/parallel_rsync.sh /tmp/zipdeploy/extracted /home/site/wwwroot 8 /tmp/ False False  " /><!-- duration: 3159ms -->
                <step title="Modified file to trigger a restart of the app container." date="2025-11-26T14:16:55.620" /><!-- duration: 13ms -->
                <step title="Skip function trigger and logicapp sync because function is not enabled." date="2025-11-26T14:16:55.646" /><!-- duration: 7ms -->
              </step><!-- duration: 5166ms -->
            </step><!-- duration: 5353ms -->
            <step title="Cleaning up temp files" date="2025-11-26T14:16:56.500" /><!-- duration: 8ms -->
            <step title="Cleaning up temp files" date="2025-11-26T14:16:56.515" /><!-- duration: 510ms -->
            <step title="Reloading status file with latest updates" date="2025-11-26T14:16:57.068" >
              <step title="WebHooksManager.PublishEventAsync: PostDeployment" date="2025-11-26T14:16:57.074" /><!-- duration: 75ms -->
            </step><!-- duration: 88ms -->
            <step title="Cleaning up temporary deployment - fetch deployment was successful" date="2025-11-26T14:16:57.164" /><!-- duration: 5ms -->
          </step><!-- duration: 6285ms -->
        </step><!-- duration: 8685ms -->
        <step title="Outgoing response" date="2025-11-26T14:16:57.277" type="response" statusCode="200" statusText="OK" /><!-- duration: 13ms -->
      </step><!-- duration: 8727ms -->
