<step title="Incoming Request" date="2025-11-26T14:46:39.683" instance="df256f" url="/deploy?scmType=ExternalGit&amp;isAsync=true" method="POST" type="request" pid="833,1,15" Host="fkbounce-smtp.scm.azurewebsites.net" User-Agent="Azure-WebSites-Controller/106.0.7.121" Authorization="Bas..." Expect="100-continue" Content-Length="84" x-ms-request-id="d8e2b9fa-fb58-4f20-80a9-ba36315cd594" X-ARR-LOG-ID="d8e2b9fa-fb58-4f20-80a9-ba36315cd594" CLIENT-IP="20.119.16.56:15297" X-SITE-DEPLOYMENT-ID="fkbounce-smtp" WAS-DEFAULT-HOSTNAME="fkbounce-smtp.scm.azurewebsites.net" X-MS-PLATFORM-INTERNAL="True" X-Forwarded-Proto="https" X-AppService-Proto="https" X-Forwarded-TlsVersion="1.3" X-WAWS-Unencoded-URL="/deploy?scmType=ExternalGit&amp;isAsync=true" X-Client-IP="20.119.16.56" X-Client-Port="15297" >
  <step title="FetchHandler" date="2025-11-26T14:46:39.855" >
    <step title="GitExeRepository.Initialize" date="2025-11-26T14:46:41.022" >
      <step title="Executing external process" date="2025-11-26T14:46:41.094" type="process" path="git" arguments="init" /><!-- duration: 2429ms -->
      <step title="Executing external process" date="2025-11-26T14:46:43.612" type="process" path="git" arguments="config core.autocrlf false" /><!-- duration: 232ms -->
      <step title="Executing external process" date="2025-11-26T14:46:43.864" type="process" path="git" arguments="config core.preloadindex true" /><!-- duration: 169ms -->
      <step title="Executing external process" date="2025-11-26T14:46:44.073" type="process" path="git" arguments="config user.name &quot;unknown&quot;" /><!-- duration: 111ms -->
      <step title="Executing external process" date="2025-11-26T14:46:44.205" type="process" path="git" arguments="config user.email &quot;unknown&quot;" /><!-- duration: 198ms -->
      <step title="Executing external process" date="2025-11-26T14:46:44.440" type="process" path="git" arguments="config filter.lfs.clean &quot;git-lfs clean %f&quot;" /><!-- duration: 151ms -->
      <step title="Executing external process" date="2025-11-26T14:46:44.631" type="process" path="git" arguments="config filter.lfs.smudge &quot;git-lfs smudge %f&quot;" /><!-- duration: 372ms -->
      <step title="Executing external process" date="2025-11-26T14:46:45.024" type="process" path="git" arguments="config filter.lfs.required true" /><!-- duration: 79ms -->
      <step title="Configure git server" date="2025-11-26T14:46:45.121" >
        <step title="Executing external process" date="2025-11-26T14:46:45.142" type="process" path="git" arguments="config receive.denyCurrentBranch ignore" /><!-- duration: 206ms -->
      </step><!-- duration: 257ms -->
      <step title="Create deny users for .git folder" date="2025-11-26T14:46:45.400" /><!-- duration: 120ms -->
      <step title="Configure git-credential" date="2025-11-26T14:46:45.558" >
        <step title="Executing external process" date="2025-11-26T14:46:45.630" type="process" path="git" arguments="config credential.helper &quot;!&apos;/home/site/repository/.git/hooks/git-credential-invalid.sh&apos;&quot;" /><!-- duration: 138ms -->
      </step><!-- duration: 230ms -->
      <step title="Setup post receive hook" date="2025-11-26T14:46:45.829" >
        <step title="Non-Windows enviroment, granting 755 permission to post-receive hook file" date="2025-11-26T14:46:45.919" /><!-- duration: 93ms -->
      </step><!-- duration: 213ms -->
    </step><!-- duration: 5060ms -->
    <step title="Executing external process" date="2025-11-26T14:46:46.140" type="process" path="git" arguments="log -n 1 main --" >
      <step title="Process dump" date="2025-11-26T14:46:46.433" exitCode="128" type="processOutput" /><!-- duration: 48ms -->
    </step><!-- duration: 391ms -->
    <step title="Start deployment in the background" date="2025-11-26T14:46:46.563" >
      <step title="Executing external process" date="2025-11-26T14:46:46.890" type="process" path="git" arguments="rev-parse --git-dir" /><!-- duration: 193ms -->
      <step title="Executing external process" date="2025-11-26T14:46:47.152" type="process" path="git" arguments="rev-parse --git-dir" /><!-- duration: 139ms -->
      <step title="Executing external process" date="2025-11-26T14:46:47.330" type="process" path="git" arguments="log -n 1 main --" >
        <step title="Process dump" date="2025-11-26T14:46:47.533" exitCode="128" type="processOutput" /><!-- duration: 57ms -->
      </step><!-- duration: 280ms -->
      <step title="Acquiring Deployment Lock" date="2025-11-26T14:46:47.641" /><!-- duration: 19ms -->
      <step title="Acquired Deployment Lock" date="2025-11-26T14:46:47.744" /><!-- duration: 97ms -->
    </step><!-- duration: 2094ms -->
  </step><!-- duration: 8892ms -->
  <step title="Outgoing response" date="2025-11-26T14:46:48.770" type="response" statusCode="202" statusText="Accepted" /><!-- duration: 30ms -->
</step><!-- duration: 9156ms -->
