<step title="Incoming Request" date="2025-11-26T15:00:48.480" instance="df256f" url="/api/zipdeploy?isAsync=true" method="POST" type="request" pid="832,1,23" Accept="*/*" Host="fkbounce-smtp.scm.azurewebsites.net" User-Agent="AZURECLI/2.80.0 (HOMEBREW)" Accept-Encoding="gzip, deflate" Authorization="Bea..." Cache-Control="no-cache" Content-Type="application/octet-stream" Content-Length="32908" x-ms-client-request-id="a5cf0aea-cad8-11f0-b464-66bbaf33cbdc" x-ms-artifact-checksum="1675a0b296a273e17d69b793d2af802401677476b87b905b19ab05dbd1891dfb" X-ARR-LOG-ID="a5cf0aea-cad8-11f0-b464-66bbaf33cbdc" CLIENT-IP="49.204.100.52:49866" X-SITE-DEPLOYMENT-ID="fkbounce-smtp" WAS-DEFAULT-HOSTNAME="fkbounce-smtp.scm.azurewebsites.net" X-Forwarded-Proto="https" X-AppService-Proto="https" X-Forwarded-TlsVersion="1.3" X-WAWS-Unencoded-URL="/api/zipdeploy?isAsync=true" X-Client-IP="49.204.100.52" X-Client-Port="49866" >
  <step title="ZipPushDeploy" date="2025-11-26T15:00:49.544" >
    <step title="ZipDeploy. Extract zip." date="2025-11-26T15:00:49.552" /><!-- duration: 6ms -->
    <step title="None repository commit" date="2025-11-26T15:00:49.571" >
      <step title="Commit id: 7ae5cb3e-bced-4fd2-8b75-d1f2f08cd7ee" date="2025-11-26T15:00:49.578" Message="N/A" AuthorName="N/A" AuthorEmail="N/A" /><!-- duration: 7ms -->
    </step><!-- duration: 20ms -->
    <step title="Starting PushDeployAsync" date="2025-11-26T15:00:49.597" /><!-- duration: 9ms -->
    <step title="Writing artifact to /tmp/zipdeploy/e0f62f05-9052-49fc-af32-40bdb5997301.zip" date="2025-11-26T15:00:49.638" >
      <step title="Writing multipart request body to /tmp/zipdeploy/e0f62f05-9052-49fc-af32-40bdb5997301.zip" date="2025-11-26T15:00:49.648" /><!-- duration: 10ms -->
    </step><!-- duration: 125ms -->
    <step title="None repository commit" date="2025-11-26T15:00:49.773" >
      <step title="Commit id: 7ae5cb3e-bced-4fd2-8b75-d1f2f08cd7ee" date="2025-11-26T15:00:49.780" Message="N/A" AuthorName="N/A" AuthorEmail="N/A" /><!-- duration: 6ms -->
    </step><!-- duration: 18ms -->
    <step title="Start deployment in the background" date="2025-11-26T15:00:49.797" >
      <step title="None repository commit" date="2025-11-26T15:00:49.853" >
        <step title="Commit id: 7ae5cb3e-bced-4fd2-8b75-d1f2f08cd7ee" date="2025-11-26T15:00:49.866" Message="N/A" AuthorName="N/A" AuthorEmail="N/A" /><!-- duration: 7ms -->
      </step><!-- duration: 26ms -->
      <step title="Acquiring Deployment Lock" date="2025-11-26T15:00:49.886" /><!-- duration: 7ms -->
      <step title="Acquired Deployment Lock" date="2025-11-26T15:00:49.955" /><!-- duration: 6ms -->
    </step><!-- duration: 264ms -->
  </step><!-- duration: 527ms -->
  <step title="Outgoing response" date="2025-11-26T15:00:50.099" type="response" statusCode="202" statusText="Accepted" /><!-- duration: 6ms -->
</step><!-- duration: 1632ms -->
