<step title="BackgroundTrace" date="2025-11-26T15:00:49.815" instance="df256f" url="/api/zipdeploy" method="POST" >
  <step title="Creating temporary deployment - FetchDeploymentManager" date="2025-11-26T15:00:49.966" /><!-- duration: 4ms -->
  <step title="Creating temporary deployment" date="2025-11-26T15:00:49.979" /><!-- duration: 76ms -->
  <step title="Performing fetch based deployment" date="2025-11-26T15:00:50.141" >
    <step title="Cleaning up temp folders from previous zip deployments and extracting pushed zip file /tmp/zipdeploy/e0f62f05-9052-49fc-af32-40bdb5997301.zip (0.03 MB) to /tmp/zipdeploy/extracted" date="2025-11-26T15:00:51.376" >
      <step title="ChmodRecursive Process exited with total time taken in ms: 118" date="2025-11-26T15:00:51.604" /><!-- duration: 7ms -->
    </step><!-- duration: 242ms -->
    <step title="Deployment timer started" date="2025-11-26T15:00:53.653" >
      <step title="DeploymentManager.Deploy(id:7ae5cb3e-bced-4fd2-8b75-d1f2f08cd7ee)" date="2025-11-26T15:00:53.677" >
        <step title="Collecting changeset information" date="2025-11-26T15:00:53.721" /><!-- duration: 99ms -->
        <step title="Updating submodules" date="2025-11-26T15:00:53.830" /><!-- duration: 1169ms -->
        <step title="Determining deployment builder" date="2025-11-26T15:00:55.284" >
          <step title="Builder is BasicBuilder" date="2025-11-26T15:00:55.292" /><!-- duration: 21ms -->
        </step><!-- duration: 35ms -->
        <step title="PreDeployment: context.CleanOutputPath False" date="2025-11-26T15:00:55.524" >
          <step title="PreDeployment: context.OutputPath /home/site/wwwroot" date="2025-11-26T15:00:55.678" >
            <step title="Building" date="2025-11-26T15:00:55.829" >
              <step title="Executing external process" date="2025-11-26T15:00:56.178" type="process" path="starter.sh" arguments="/opt/Kudu/Scripts/parallel_rsync.sh /tmp/zipdeploy/extracted /home/site/wwwroot 8 /tmp/ False True  " /><!-- duration: 2407ms -->
              <step title="Triggering recycle (preview mode disabled)." date="2025-11-26T15:00:59.075" /><!-- duration: 11ms -->
              <step title="Modified file to trigger a restart of the app container." date="2025-11-26T15:00:59.151" /><!-- duration: 11ms -->
              <step title="Skip function trigger and logicapp sync because function is not enabled." date="2025-11-26T15:00:59.176" /><!-- duration: 11ms -->
              <step title="Purge deployment items" date="2025-11-26T15:01:00.552" >
                <step title="Remove temp-85c2, Pending, received at 11/26/2025 15:00:50" date="2025-11-26T15:01:00.638" /><!-- duration: 6ms -->
                <step title="Remove temp-56fa, Failed, received at 11/26/2025 14:46:48" date="2025-11-26T15:01:00.727" /><!-- duration: 6ms -->
              </step><!-- duration: 190ms -->
            </step><!-- duration: 5007ms -->
          </step><!-- duration: 5166ms -->
          <step title="Cleaning up temp files" date="2025-11-26T15:01:00.853" /><!-- duration: 6ms -->
          <step title="Cleaning up temp files" date="2025-11-26T15:01:00.871" /><!-- duration: 522ms -->
          <step title="Reloading status file with latest updates" date="2025-11-26T15:01:01.445" >
            <step title="WebHooksManager.PublishEventAsync: PostDeployment" date="2025-11-26T15:01:01.451" /><!-- duration: 126ms -->
          </step><!-- duration: 169ms -->
          <step title="Cleaning up temporary deployment - fetch deployment was successful" date="2025-11-26T15:01:01.644" /><!-- duration: 42ms -->
        </step><!-- duration: 6250ms -->
      </step><!-- duration: 8318ms -->
