<step title="BackgroundTrace" date="2025-11-26T14:46:46.702" instance="df256f" url="/deploy" method="POST" >
  <step title="Cleanup Xml Logs" date="2025-11-26T14:46:46.723" /><!-- duration: 50ms -->
  <step title="Creating temporary deployment - FetchDeploymentManager" date="2025-11-26T14:46:47.862" /><!-- duration: 60ms -->
  <step title="Creating temporary deployment" date="2025-11-26T14:46:48.092" /><!-- duration: 515ms -->
  <step title="Performing fetch based deployment" date="2025-11-26T14:46:49.952" >
    <step title="Deployment timer started" date="2025-11-26T14:47:03.736" >
      <step title="DeploymentManager.Deploy(id:95a9df73c40d72e203cb4a3ae933c78977ec4ffc)" date="2025-11-26T14:47:03.752" >
        <step title="Collecting changeset information" date="2025-11-26T14:47:03.797" /><!-- duration: 169ms -->
        <step title="Updating submodules" date="2025-11-26T14:47:03.975" /><!-- duration: 1160ms -->
        <step title="Determining deployment builder" date="2025-11-26T14:47:05.499" >
          <step title="Builder is OryxBuilder" date="2025-11-26T14:47:05.514" /><!-- duration: 9ms -->
        </step><!-- duration: 29ms -->
        <step title="PreDeployment: context.CleanOutputPath False" date="2025-11-26T14:47:05.610" >
          <step title="PreDeployment: context.OutputPath /home/site/wwwroot" date="2025-11-26T14:47:05.785" >
            <step title="Building" date="2025-11-26T14:47:05.966" >
              <step title="Executing external process" date="2025-11-26T14:47:06.353" type="process" path="bash" arguments="-c &quot;oryx build /home/site/repository -o /home/site/wwwroot --platform nodejs --platform-version 20 -p virtualenv_name= --log-file /tmp/build-debug.log  -i /tmp/8de2cfaaafdc67e -p compress_node_modules=tar-gz | tee /tmp/oryx-build.log ; exit $PIPESTATUS &quot;" 