<step title="Incoming Request" date="2025-11-26T13:54:25.897" instance="df256f" url="/api/zipdeploy?isAsync=true" method="POST" type="request" pid="831,1,7" Accept="*/*" Host="fkbounce-smtp.scm.azurewebsites.net" User-Agent="AZURECLI/2.80.0 (HOMEBREW)" Accept-Encoding="gzip, deflate" Authorization="Bea..." Cache-Control="no-cache" Content-Type="application/octet-stream" Content-Length="16264" x-ms-client-request-id="4f6807fa-cacf-11f0-9aa5-66bbaf33cbdc" x-ms-artifact-checksum="d39f29b41221cff0981aba4174185cb206ec7652cc9737706c3060cff0357339" X-ARR-LOG-ID="4f6807fa-cacf-11f0-9aa5-66bbaf33cbdc" CLIENT-IP="49.204.100.52:50280" X-SITE-DEPLOYMENT-ID="fkbounce-smtp" WAS-DEFAULT-HOSTNAME="fkbounce-smtp.scm.azurewebsites.net" X-Forwarded-Proto="https" X-AppService-Proto="https" X-Forwarded-TlsVersion="1.3" X-WAWS-Unencoded-URL="/api/zipdeploy?isAsync=true" X-Client-IP="49.204.100.52" X-Client-Port="50280" >
  <step title="ZipPushDeploy" date="2025-11-26T13:54:27.009" >
    <step title="ZipDeploy. Extract zip." date="2025-11-26T13:54:27.028" /><!-- duration: 8ms -->
    <step title="None repository commit" date="2025-11-26T13:54:27.047" >
      <step title="Commit id: 7d3addb3-884c-4bff-9667-ee30010af9b3" date="2025-11-26T13:54:27.053" Message="N/A" AuthorName="N/A" AuthorEmail="N/A" /><!-- duration: 5ms -->
    </step><!-- duration: 16ms -->
    <step title="Starting PushDeployAsync" date="2025-11-26T13:54:27.068" /><!-- duration: 5ms -->
    <step title="Writing artifact to /tmp/zipdeploy/7f8716e4-7611-437c-a034-0afc764ac4d2.zip" date="2025-11-26T13:54:27.099" >
      <step title="Writing multipart request body to /tmp/zipdeploy/7f8716e4-7611-437c-a034-0afc764ac4d2.zip" date="2025-11-26T13:54:27.120" /><!-- duration: 7ms -->
    </step><!-- duration: 150ms -->
    <step title="Start deployment in the background" date="2025-11-26T13:54:27.289" >
      <step title="Acquiring Deployment Lock" date="2025-11-26T13:54:27.701" /><!-- duration: 19ms -->
      <step title="Acquired Deployment Lock" date="2025-11-26T13:54:27.934" /><!-- duration: 49ms -->
    </step><!-- duration: 953ms -->
  </step><!-- duration: 1242ms -->
  <step title="Outgoing response" date="2025-11-26T13:54:28.273" type="response" statusCode="202" statusText="Accepted" /><!-- duration: 5ms -->
</step><!-- duration: 2388ms -->
