<step title="BackgroundTrace" date="2025-11-26T13:54:27.310" instance="df256f" url="/api/zipdeploy" method="POST" >
  <step title="Creating temporary deployment - FetchDeploymentManager" date="2025-11-26T13:54:28.042" /><!-- duration: 19ms -->
  <step title="Creating temporary deployment" date="2025-11-26T13:54:28.084" /><!-- duration: 149ms -->
  <step title="Performing fetch based deployment" date="2025-11-26T13:54:28.366" >
    <step title="Cleaning up temp folders from previous zip deployments and extracting pushed zip file /tmp/zipdeploy/7f8716e4-7611-437c-a034-0afc764ac4d2.zip (0.02 MB) to /tmp/zipdeploy/extracted" date="2025-11-26T13:54:29.675" >
      <step title="ChmodRecursive Process exited with total time taken in ms: 48" date="2025-11-26T13:54:29.781" /><!-- duration: 5ms -->
    </step><!-- duration: 117ms -->
    <step title="Deployment timer started" date="2025-11-26T13:54:31.835" >
      <step title="DeploymentManager.Deploy(id:7d3addb3-884c-4bff-9667-ee30010af9b3)" date="2025-11-26T13:54:31.865" >
        <step title="Collecting changeset information" date="2025-11-26T13:54:31.884" /><!-- duration: 103ms -->
        <step title="Updating submodules" date="2025-11-26T13:54:32.007" /><!-- duration: 1167ms -->
        <step title="Determining deployment builder" date="2025-11-26T13:54:33.443" >
          <step title="Builder is BasicBuilder" date="2025-11-26T13:54:33.457" /><!-- duration: 5ms -->
        </step><!-- duration: 25ms -->
        <step title="PreDeployment: context.CleanOutputPath False" date="2025-11-26T13:54:33.531" >
          <step title="PreDeployment: context.OutputPath /home/site/wwwroot" date="2025-11-26T13:54:33.678" >
            <step title="Building" date="2025-11-26T13:54:33.896" >
              <step title="Executing external process" date="2025-11-26T13:54:34.290" type="process" path="starter.sh" arguments="/opt/Kudu/Scripts/parallel_rsync.sh /tmp/zipdeploy/extracted /home/site/wwwroot 8 /tmp/ False True  " /><!-- duration: 2868ms -->
              <step title="Triggering recycle (preview mode disabled)." date="2025-11-26T13:54:37.495" /><!-- duration: 5ms -->
              <step title="Modified file to trigger a restart of the app container." date="2025-11-26T13:54:37.539" /><!-- duration: 4ms -->
              <step title="Skip function trigger and logicapp sync because function is not enabled." date="2025-11-26T13:54:37.550" /><!-- duration: 5ms -->
            </step><!-- duration: 4400ms -->
          </step><!-- duration: 4645ms -->
          <step title="Cleaning up temp files" date="2025-11-26T13:54:38.328" /><!-- duration: 7ms -->
          <step title="Cleaning up temp files" date="2025-11-26T13:54:38.342" /><!-- duration: 522ms -->
          <step title="Reloading status file with latest updates" date="2025-11-26T13:54:39.171" >
            <step title="WebHooksManager.PublishEventAsync: PostDeployment" date="2025-11-26T13:54:39.178" /><!-- duration: 80ms -->
          </step><!-- duration: 93ms -->
          <step title="Cleaning up temporary deployment - fetch deployment was successful" date="2025-11-26T13:54:39.274" /><!-- duration: 6ms -->
        </step><!-- duration: 5825ms -->
      </step><!-- duration: 7522ms -->
