﻿<?xml version="1.0" encoding="utf-8"?>
<deployment>
  <id>7d3addb3-884c-4bff-9667-ee30010af9b3</id>
  <author>N/A</author>
  <deployer>Push-Deployer</deployer>
  <authorEmail>N/A</authorEmail>
  <message>Created via a push deployment</message>
  <progress></progress>
  <status>Success</status>
  <statusText></statusText>
  <lastSuccessEndTime>2025-11-26T13:54:37.9723768Z</lastSuccessEndTime>
  <receivedTime>2025-11-26T13:54:31.9231794Z</receivedTime>
  <startTime>2025-11-26T13:54:33.3700953Z</startTime>
  <endTime>2025-11-26T13:54:37.9723768Z</endTime>
  <complete>True</complete>
  <is_temp>False</is_temp>
  <is_readonly>True</is_readonly>
  <buildSummary />
</deployment>