﻿<?xml version="1.0" encoding="utf-8"?>
<deployment>
  <id>95a9df73c40d72e203cb4a3ae933c78977ec4ffc</id>
  <author>Bittu</author>
  <deployer>GitHub</deployer>
  <authorEmail>bittu@Bittus-MacBook-Pro.local</authorEmail>
  <message>Add Azure deployment configuration for SMTP microservice</message>
  <progress></progress>
  <status>Failed</status>
  <statusText>Deployment has been stopped due to SCM container restart. The restart can happen due to a management operation on site. Do not perform a management operation and a deployment operation in quick succession. Adding a small delay can help avoid any conflicts.</statusText>
  <lastSuccessEndTime />
  <receivedTime>2025-11-26T14:47:03.888956Z</receivedTime>
  <startTime>2025-11-26T14:47:05.3491354Z</startTime>
  <endTime>2025-11-26T15:46:10.3173002Z</endTime>
  <complete>True</complete>
  <is_temp>False</is_temp>
  <is_readonly>False</is_readonly>
  <buildSummary />
</deployment>