﻿<?xml version="1.0" encoding="utf-8"?>
<deployment>
  <id>c06b1103-270d-4ac2-b063-f3658881f8c3</id>
  <author>N/A</author>
  <deployer>OneDeploy</deployer>
  <authorEmail>N/A</authorEmail>
  <message>OneDeploy</message>
  <progress></progress>
  <status>Success</status>
  <statusText></statusText>
  <lastSuccessEndTime>2025-11-26T14:16:56.0806924Z</lastSuccessEndTime>
  <receivedTime>2025-11-26T14:16:49.1035054Z</receivedTime>
  <startTime>2025-11-26T14:16:50.801173Z</startTime>
  <endTime>2025-11-26T14:16:56.0806924Z</endTime>
  <complete>True</complete>
  <is_temp>False</is_temp>
  <is_readonly>True</is_readonly>
  <buildSummary />
</deployment>